match_id,source_name,source_url,competition_name,season,match_number,date_text,time_text,schedule_note,home_team_name,away_team_name,score_home,score_away,status,venue_name,documents_url
ffer:rondoniense:2026:001,FFER,https://ffer.com.br/Publicacao.aspx?id=640220,Rondoniense,2026,1,17/01,15h30,,GAZIN PORTO VELHO,RONDONIENSE S.C,2,2,finished,ALUÍZIO FERREIRA,https://drive.google.com/drive/folders/1aMtCF-Gz0lHMUjwoIgevCVASB0DfnYUY?usp=sharing
ffer:rondoniense:2026:002,FFER,https://ffer.com.br/Publicacao.aspx?id=640220,Rondoniense,2026,2,17/01,15h30,,U.CACOALENSE,BARCELONA,0,2,finished,AGLAIR TONELLI,https://drive.google.com/drive/folders/1FbJdeMHKSuSe8HOJJCXEIZu5eQ0ZYyOw?usp=sharing
ffer:rondoniense:2026:003,FFER,https://ffer.com.br/Publicacao.aspx?id=640220,Rondoniense,2026,3,18/01,15h30,,JI-PARANÁ,GUAPORÉ,2,0,finished,BIANCÃO,https://drive.google.com/drive/folders/1gcYFSAoOZBcdomSS1yr7fp35YnQtLVvU?usp=sharing
ffer:rondoniense:2026:004,FFER,https://ffer.com.br/Publicacao.aspx?id=640220,Rondoniense,2026,4,21/01,19h30,,GUAPORÉ,U.CACOALENSE,2,0,finished,CASSOLÃO,https://drive.google.com/drive/folders/1ClsOz6bsVTb2IEZTaz5DkN2TN6mn2yyI?usp=sharing
ffer:rondoniense:2026:005,FFER,https://ffer.com.br/Publicacao.aspx?id=640220,Rondoniense,2026,5,21/01,15h30,,BARCELONA,GAZIN PORTO VELHO,2,3,finished,ALUÍZIO FERREIRA,https://drive.google.com/drive/folders/1-7q3EX5h9XochyFmzIqxVDh8_vvylFoy?usp=sharing
ffer:rondoniense:2026:006,FFER,https://ffer.com.br/Publicacao.aspx?id=640220,Rondoniense,2026,6,21/01,20h,,RONDONIENSE S.C,SPORT GENUS,2,0,finished,ALUÍZIO FERREIRA,https://drive.google.com/drive/folders/1aco36Sl-mncgAo_AtPwhYuZ3yGUwhV89?usp=sharing
ffer:rondoniense:2026:007,FFER,https://ffer.com.br/Publicacao.aspx?id=640220,Rondoniense,2026,7,24/01,15h30,,SPORT GENUS,U.CACOALENSE,0,0,finished,ALUÍZIO FERREIRA,https://drive.google.com/drive/folders/13h0k88FsN0_lTVjZNE5C6o0mxhdSHUoJ?usp=sharing
ffer:rondoniense:2026:008,FFER,https://ffer.com.br/Publicacao.aspx?id=640220,Rondoniense,2026,8,25/01,15h30,,JI-PARANÁ,GAZIN PORTO VELHO,1,0,finished,BIANCÃO,https://drive.google.com/drive/folders/1tmrkPUckuDc1RSWW8hoYJN88vpn2AMaz?usp=sharing
ffer:rondoniense:2026:009,FFER,https://ffer.com.br/Publicacao.aspx?id=640220,Rondoniense,2026,9,25/01,17h IMT,IMT,RONDONIENSE S.C,BARCELONA,3,2,finished,ALUÍZIO FERREIRA,https://drive.google.com/drive/folders/1ynRXzenXTja76k-819GV011l8_xibfds?usp=sharing
ffer:rondoniense:2026:010,FFER,https://ffer.com.br/Publicacao.aspx?id=640220,Rondoniense,2026,10,28/01,15h30,,U.CACOALENSE,RONDONIENSE S.C,0,1,finished,AGLAIR TONELLI,https://drive.google.com/drive/folders/10n-LACi3cSygTVGtmUdTO4prbXFByl31?usp=sharing
ffer:rondoniense:2026:011,FFER,https://ffer.com.br/Publicacao.aspx?id=640220,Rondoniense,2026,11,28/01,20h30,,SPORT GENUS,GUAPORÉ,1,1,finished,ALUÍZIO FERREIRA,https://drive.google.com/drive/folders/1qB1TGMtmUWqwPCYmcaRjHEpz5bzYkbqF?usp=sharing
ffer:rondoniense:2026:012,FFER,https://ffer.com.br/Publicacao.aspx?id=640220,Rondoniense,2026,12,28/01,16h30,,BARCELONA,JI-PARANÁ,0,0,finished,ALUÍZIO FERREIRA,https://drive.google.com/drive/folders/1Z4TJgc4Lj1u53mN0H2FXcIDnb8BoXcO1?usp=sharing
ffer:rondoniense:2026:013,FFER,https://ffer.com.br/Publicacao.aspx?id=640220,Rondoniense,2026,13,31/01,15h30,,BARCELONA,GUAPORÉ,0,2,finished,ALUÍZIO FERREIRA,https://drive.google.com/drive/folders/1G5gzki6bdCbOB2jdxWwWb6AKdDPkEkfA?usp=sharing
ffer:rondoniense:2026:014,FFER,https://ffer.com.br/Publicacao.aspx?id=640220,Rondoniense,2026,14,01/02,16h00 IMT,IMT,JI-PARANÁ,RONDONIENSE,1,0,finished,BIANCÃO,https://drive.google.com/drive/folders/1wl_77BFqUShzPvHh-Zt4X4Uea_3eyaPA?usp=sharing
ffer:rondoniense:2026:015,FFER,https://ffer.com.br/Publicacao.aspx?id=640220,Rondoniense,2026,15,01/02,18h00,,GAZIN PORTO VELHO,SPORT GENUS,2,1,finished,ALUÍZIO FERREIRA,https://drive.google.com/drive/folders/1rrYlp5SoQK2tFlB5qcuiZfDPq-1pITLG?usp=sharing
ffer:rondoniense:2026:016,FFER,https://ffer.com.br/Publicacao.aspx?id=640220,Rondoniense,2026,16,04/02,19h30,,GUAPORÉ,GAZIN PORTO VELHO,2,2,finished,CASSOLÃO,https://drive.google.com/drive/folders/1wYG-fxLTXWSOEkPEQD6ptnBni1zSv-ii?usp=sharing
ffer:rondoniense:2026:017,FFER,https://ffer.com.br/Publicacao.aspx?id=640220,Rondoniense,2026,17,04/02,19h30,,BARCELONA,SPORT GENUS,3,1,finished,ALUÍZIO FERREIRA,https://drive.google.com/drive/folders/1wqei_4l1TxCbmaCxmeiF54yf44O8btPV?usp=sharing
ffer:rondoniense:2026:018,FFER,https://ffer.com.br/Publicacao.aspx?id=640220,Rondoniense,2026,18,04/02,19h30,,UNIÃO CACOALENSE,JI-PARANÁ,0,1,finished,AGLAIR TONELLI,https://drive.google.com/drive/folders/1755m1inPz7pBOBt9POsOzTTl-rfhAe9M?usp=sharing
ffer:rondoniense:2026:019,FFER,https://ffer.com.br/Publicacao.aspx?id=640220,Rondoniense,2026,19,07/02,15h30,,SPORT GENUS,JI - PARANÁ,0,2,finished,ALUÍZIO FERREIRA,https://drive.google.com/drive/folders/1sR5F9ay1b8N40Ixzx-fGEdegWI0k2bAb?usp=sharing
ffer:rondoniense:2026:020,FFER,https://ffer.com.br/Publicacao.aspx?id=640220,Rondoniense,2026,20,08/02,17h00,,RONDONIENSE,GUAPORÉ,0,1,finished,ALUÍZIO FERREIRA,https://drive.google.com/drive/folders/1CEBNMpO3zpanm1-fovkl8DnJCTCdgF3s?usp=sharing
ffer:rondoniense:2026:021,FFER,https://ffer.com.br/Publicacao.aspx?id=640220,Rondoniense,2026,21,08/02,19h30,,UNIÃO CACOALENSE,GAZIN PORTO VELHO,1,2,finished,AGLAIR TONELLI,https://drive.google.com/drive/folders/1pyUetUKlvICrRHccarSdmkTbNR1_PkHx?usp=sharing
ffer:rondoniense:2026:022,FFER,https://ffer.com.br/Publicacao.aspx?id=640220,Rondoniense,2026,22,18/02,16h00,,BARCELONA,UNIÃO CACOALENSE,3,2,finished,ALUÍZIO FERREIRA,https://drive.google.com/drive/folders/1nyakco93GjYDA3minhw1t9ayQ4WM33gw?usp=sharing
ffer:rondoniense:2026:023,FFER,https://ffer.com.br/Publicacao.aspx?id=640220,Rondoniense,2026,23,09/03,19h30,,GUAPORÉ,JI-PARANÁ,1,1,finished,CASSOLÃO,https://drive.google.com/drive/folders/1oIS9vePlh5FFUXN3bx3LTYs0raiVwvJ7?usp=sharing
ffer:rondoniense:2026:024,FFER,https://ffer.com.br/Publicacao.aspx?id=640220,Rondoniense,2026,24,18/02,20h30,,RONDONIENSE,GAZIN PORTO VELHO,0,1,finished,ALUÍZIO FERREIRA,https://drive.google.com/drive/folders/1NzgxXxRFgxLunVn0Ci77DAMLTE_Xp7Tn?usp=sharing
ffer:rondoniense:2026:025,FFER,https://ffer.com.br/Publicacao.aspx?id=640220,Rondoniense,2026,25,14/02,19h30,,UNIÃO CACOALENSE,GUAPORÉ,0,2,finished,AGLAIR TONELLI,https://drive.google.com/drive/folders/15RlDJgU9guKg8ogJEqlKLYAgq40_rVGr?usp=sharing
ffer:rondoniense:2026:026,FFER,https://ffer.com.br/Publicacao.aspx?id=640220,Rondoniense,2026,26,14/02,16h00,,GAZIN PORTO VELHO,BARCELONA,4,0,finished,ALUÍZIO FERREIRA,https://drive.google.com/drive/folders/1Am8M_0n13NSOlK5HCA7MlnCM7d-SNcHU?usp=sharing
ffer:rondoniense:2026:027,FFER,https://ffer.com.br/Publicacao.aspx?id=640220,Rondoniense,2026,27,15/02,17h30,,SPORT GENUS,RONDONIENSE,0,0,finished,ALUÍZIO FERREIRA,https://drive.google.com/drive/folders/1DyvTlOM4nuw0TSP6X16YyspXvkpyqy8_?usp=sharing
ffer:rondoniense:2026:028,FFER,https://ffer.com.br/Publicacao.aspx?id=640220,Rondoniense,2026,28,25/02,19h30,,UNIÃO CACOALENSE,SPORT GENUS,1,2,finished,AGLAIR TONELLI,https://drive.google.com/drive/folders/1wKeQP-9AnhkSeC3Po5FYDan8cjhUT6UN?usp=sharing
ffer:rondoniense:2026:029,FFER,https://ffer.com.br/Publicacao.aspx?id=640220,Rondoniense,2026,29,25/02,19h00,,BARCELONA,RONDONIENSE,0,1,finished,ALUÍZIO FERREIRA,https://drive.google.com/drive/folders/1HuLkj2L2dMu-jmcGbl57p0sCYJJYlXGe?usp=sharing
ffer:rondoniense:2026:030,FFER,https://ffer.com.br/Publicacao.aspx?id=640220,Rondoniense,2026,30,04/03,20h00,,GAZIN PORTO VELHO,JI-PARANÁ,0,0,finished,ALUÍZIO FERREIRA,https://drive.google.com/drive/folders/1oOMuuzkd0aBeOVebtVPuH9UBKFxxrE4B?usp=sharing
ffer:rondoniense:2026:031,FFER,https://ffer.com.br/Publicacao.aspx?id=640220,Rondoniense,2026,31,21/02,16h00,,RONDONIENSE,UNIÃO CACOALENSE,4,1,finished,ALUÍZIO FERREIRA,https://drive.google.com/drive/folders/1xaJ2wo44SAxcCNvFZn_NSZkn7PRRg-Ww?usp=sharing
ffer:rondoniense:2026:032,FFER,https://ffer.com.br/Publicacao.aspx?id=640220,Rondoniense,2026,32,22/02,17h,,GUAPORÉ,SPORT GENUS,3,1,finished,CASSOLÃO,https://drive.google.com/drive/folders/1K2XjmrvHwvi_XtuKt3SKQdhwWTcak2SH?usp=sharing
ffer:rondoniense:2026:033,FFER,https://ffer.com.br/Publicacao.aspx?id=640220,Rondoniense,2026,33,22/02,15h30,,JI-PARANÁ,BARCELONA,2,0,finished,BIANCÃO,https://drive.google.com/drive/folders/1HSL-w9DXV44Ys514uWf0XQqZWwvt9Xtq?usp=sharing
ffer:rondoniense:2026:034,FFER,https://ffer.com.br/Publicacao.aspx?id=640220,Rondoniense,2026,34,11/02,19h30,,GUAPORÉ,BARCELONA,3,0,finished,CASSOLÃO,https://drive.google.com/drive/folders/1Ybp9HdYi3huLggveRnFKXs-GetaTRi2g?usp=sharing
ffer:rondoniense:2026:035,FFER,https://ffer.com.br/Publicacao.aspx?id=640220,Rondoniense,2026,35,11/02,19h30,,SPORT GENUS,GAZIN PORTO VELHO,0,1,finished,ALUÍZIO FERREIRA,https://drive.google.com/drive/folders/1lHSJEWKetZSi2yphTgf4NXpisGS0_BMH?usp=sharing
ffer:rondoniense:2026:036,FFER,https://ffer.com.br/Publicacao.aspx?id=640220,Rondoniense,2026,36,12/02,19h30,,RONDONIENSE,JI-PARANÁ,0,1,finished,ALUÍZIO FERREIRA,https://drive.google.com/drive/folders/1VCslrXw9tv_Z6xo9EzH2SHiYd8DarntW?usp=sharing
ffer:rondoniense:2026:037,FFER,https://ffer.com.br/Publicacao.aspx?id=640220,Rondoniense,2026,37,28/02,16h00,,SPORT GENUS,BARCELONA,2,0,finished,ALUÍZIO FERREIRA,https://drive.google.com/drive/folders/1ua2Af3V_v9H8ax-s2wPQoU1RGfiZXmcf?usp=sharing
ffer:rondoniense:2026:038,FFER,https://ffer.com.br/Publicacao.aspx?id=640220,Rondoniense,2026,38,01/03,17h00,,GAZIN PORTO VELHO,GUAPORÉ,2,0,finished,ALUÍZIO FERREIRA,https://drive.google.com/drive/folders/1ZCA5omGqlAsliL2PFHKvlo38TtuGkmw3?usp=sharing
ffer:rondoniense:2026:039,FFER,https://ffer.com.br/Publicacao.aspx?id=640220,Rondoniense,2026,39,01/03,15h30,,JI-PARANÁ,UNIÃO CACOALENSE,9,0,finished,CASSOLÃO,https://drive.google.com/drive/folders/11bcQcgZO396OOGK0HNjwA85Bkpb5SUMS?usp=sharing
ffer:rondoniense:2026:040,FFER,https://ffer.com.br/Publicacao.aspx?id=640220,Rondoniense,2026,40,12/03,19h30,,JI-PARANÁ,SPORT GENUS,3,0,finished,BIANCÃO,https://drive.google.com/drive/folders/14J-zRL3CYY0x9hPNO7DsBvslvMsAXhtd?usp=sharing
ffer:rondoniense:2026:041,FFER,https://ffer.com.br/Publicacao.aspx?id=640220,Rondoniense,2026,41,12/03,19h30,,GUAPORÉ,RONDONIENSE,2,2,finished,CASSOLÃO,https://drive.google.com/drive/folders/1EJXGQFR5cHTlxVlOqww66GQbfGwjfoIw?usp=sharing
ffer:rondoniense:2026:042,FFER,https://ffer.com.br/Publicacao.aspx?id=640220,Rondoniense,2026,42,07/03 IMT,16h00,IMT,GAZIN PORTO VELHO,UNIÃO CACOALENSE,4,1,finished,ALUÍZIO FERREIRA,https://drive.google.com/drive/folders/1qmP8wqjuWQm65yiHuv4d-hVXRbYBiHJM?usp=sharing
ffer:rondoniense:2026:043,FFER,https://ffer.com.br/Publicacao.aspx?id=640220,Rondoniense,2026,43,15/03,17h,,RONDONIENSE,JI-PARANÁ,1,1,finished,ALUÍZIO FERREIRA,https://drive.google.com/drive/folders/15yxDWJPsUF9DpLD6dAzldjPp1DkziAe5?usp=sharing
ffer:rondoniense:2026:044,FFER,https://ffer.com.br/Publicacao.aspx?id=640220,Rondoniense,2026,44,15/03,19h30,,GUAPORÉ,GAZIN PORTO VELHO,2,1,finished,CASSOLÃO,https://drive.google.com/drive/folders/1RRK68PrlTSih3sZO7GwvYrMxCPzItRu9?usp=sharing
ffer:rondoniense:2026:045,FFER,https://ffer.com.br/Publicacao.aspx?id=640220,Rondoniense,2026,45,18/03,19h30,,JI-PARANÁ,RONDONIENSE,0,1,finished,BIANCÃO,https://drive.google.com/drive/folders/1i8kyKrxFYnxEisEaHsPieyCBXyIPo_zs?usp=sharing
ffer:rondoniense:2026:046,FFER,https://ffer.com.br/Publicacao.aspx?id=640220,Rondoniense,2026,46,18/03,19h30,,GAZIN PORTO VELHO,GUAPORÉ,0,1,finished,ALUÍZIO FERREIRA,https://drive.google.com/drive/folders/1zGhrKWnDPDS8WJsT5y__HwuIfEJrRbLY?usp=sharing
ffer:rondoniense:2026:047,FFER,https://ffer.com.br/Publicacao.aspx?id=640220,Rondoniense,2026,47,21/03,15h30,,RONDONIENSE,GUAPORÉ,0,1,finished,ALUÍZIO FERREIRA,https://drive.google.com/drive/folders/1Ju-Uv4Cg07zibekJLkiQyXK4dYIRuPWY?usp=sharing
ffer:rondoniense:2026:048,FFER,https://ffer.com.br/Publicacao.aspx?id=640220,Rondoniense,2026,48,28/03,15h30,,GUAPORÉ,RONDONIENSE,0,0,finished,CASSOLÃO,https://drive.google.com/drive/folders/1PLLV0y3iD1BQIo4_vwdcsSH23FIntIES?usp=sharing
